xageur,xageur,xag-eur,xag/eur
xagusd,xagusd,xag-usd,xag/usd
xaueur,xaueur,xau-eur,xau/eur
xaugbp,xaugbp,xau-gbp,xau/gbp
xauusd,xauusd,xau-usd,xau/usd
xautry,xautry,xau-try,xau/try
xagtry,xagtry,xag-try,xag/try
gauusd,gauusd,gau-usd,gau/usd
gaueur,gaueur,gau-eur,gau/eur
gautry,gautry,gau-try,gau/try
xptusd,xptusd,xpt-usd,xpt/usd
xpdusd,xpdusd,xpd-usd,xpd/usd
xpdeur,xpdeur,xpd-eur,xpd/eur
xpteur,xpteur,xpt-eur,xpt/eur